repo_name,pr_number,num_files_changed,lines_added,lines_removed,review_time_in_hours,pr_description_length,num_comments,num_participants
freeCodeCamp/freeCodeCamp,56458,1,2,0,3.9105555555555553,974,1,3
freeCodeCamp/freeCodeCamp,56457,1,1,1,1.0077777777777779,47,0,3
freeCodeCamp/freeCodeCamp,56453,22,224,132,1.6094444444444445,45,0,3
freeCodeCamp/freeCodeCamp,56444,4,8,42,5.009722222222222,960,1,3
freeCodeCamp/freeCodeCamp,56440,1,2,2,1.6163888888888889,750,1,3
freeCodeCamp/freeCodeCamp,56430,1,40,40,5.944444444444445,831,2,2
freeCodeCamp/freeCodeCamp,56427,1,40,40,1.7522222222222221,750,4,1
freeCodeCamp/freeCodeCamp,56395,2,2,2,1.0691666666666666,817,0,3
freeCodeCamp/freeCodeCamp,56385,1,100,141,1.2705555555555557,807,1,2
freeCodeCamp/freeCodeCamp,56384,1,100,141,1.4130555555555555,806,3,2
freeCodeCamp/freeCodeCamp,56378,5,239,5,19.78527777777778,750,1,3
freeCodeCamp/freeCodeCamp,56377,1,2,2,11.488611111111112,750,2,2
freeCodeCamp/freeCodeCamp,56376,1,6,1,11.506666666666666,985,0,3
freeCodeCamp/freeCodeCamp,56365,1,1,1,1.6905555555555556,47,0,3
freeCodeCamp/freeCodeCamp,56364,1,8,6,4.110833333333333,1223,2,3
freeCodeCamp/freeCodeCamp,56363,1,4,2,3.445,737,11,3
freeCodeCamp/freeCodeCamp,56362,22,486,358,1.1311111111111112,45,0,3
freeCodeCamp/freeCodeCamp,56361,4,101,1,7.4675,792,0,3
freeCodeCamp/freeCodeCamp,56360,0,0,0,1.0622222222222222,740,16,2
freeCodeCamp/freeCodeCamp,56359,38,2153,1673,47.778888888888886,867,3,3
freeCodeCamp/freeCodeCamp,56358,4,167,1,11.519722222222223,792,0,3
freeCodeCamp/freeCodeCamp,56349,1,1,1,26.38083333333333,1341,5,4
freeCodeCamp/freeCodeCamp,56342,1,21,1,56.99194444444444,549,0,3
freeCodeCamp/freeCodeCamp,56341,2,20,0,121.7063888888889,1055,2,3
freeCodeCamp/freeCodeCamp,56340,4,15,12,13.081388888888888,750,0,5
freeCodeCamp/freeCodeCamp,56339,5,42,39,45.85138888888889,750,1,3
freeCodeCamp/freeCodeCamp,56338,5,32,35,45.93944444444445,750,2,3
freeCodeCamp/freeCodeCamp,56337,5,38,40,46.12888888888889,750,1,3
freeCodeCamp/freeCodeCamp,56334,50,75,57,118.1138888888889,1822,0,3
freeCodeCamp/freeCodeCamp,56332,4,175,1,122.41444444444444,948,1,4
EbookFoundation/free-programming-books,11322,1,1,1,18.164166666666667,855,1,2
EbookFoundation/free-programming-books,11319,1,1,0,31.371666666666666,1015,2,2
EbookFoundation/free-programming-books,11315,1,1,0,32.05222222222222,857,0,2
EbookFoundation/free-programming-books,11307,1,1,0,33.1425,1335,2,2
EbookFoundation/free-programming-books,11306,1,1,0,21.619722222222222,1537,9,2
EbookFoundation/free-programming-books,11281,1,1,0,40.46361111111111,1671,7,2
EbookFoundation/free-programming-books,11254,1,1,1,289.7080555555556,16943,0,2
EbookFoundation/free-programming-books,11249,1,1,0,5.579722222222222,1142,1,2
EbookFoundation/free-programming-books,11248,1,1,1,2.962222222222222,1086,1,2
EbookFoundation/free-programming-books,11242,3,5,0,17.808611111111112,1778,2,2
EbookFoundation/free-programming-books,11229,3,10,1,101.69,1469,1,2
EbookFoundation/free-programming-books,11228,1,1,1,26.405833333333334,19293,1,2
EbookFoundation/free-programming-books,11222,1,6,0,82.82,929,5,2
EbookFoundation/free-programming-books,11215,1,5,0,24.346666666666668,897,1,2
EbookFoundation/free-programming-books,11188,1,1,1,10.356388888888889,21196,0,2
EbookFoundation/free-programming-books,11187,1,1,0,11.183333333333334,998,1,2
EbookFoundation/free-programming-books,11186,1,1,0,72.795,1237,0,2
EbookFoundation/free-programming-books,11185,1,1,0,1244.068888888889,882,2,2
EbookFoundation/free-programming-books,11172,1,11,1,11.045,954,2,2
EbookFoundation/free-programming-books,11164,1,56,65,20.349444444444444,1021,2,2
EbookFoundation/free-programming-books,11156,1,1,1,27.15972222222222,19908,0,2
EbookFoundation/free-programming-books,11148,1,1,1,51.07861111111111,3500,0,2
EbookFoundation/free-programming-books,11147,1,1,1,51.08444444444444,14817,0,2
EbookFoundation/free-programming-books,11142,1,1,0,66.09361111111112,860,4,2
EbookFoundation/free-programming-books,11138,1,1,1,28.058055555555555,17874,0,2
EbookFoundation/free-programming-books,11136,1,4,2,415.18416666666667,1335,8,3
EbookFoundation/free-programming-books,11135,1,1,1,196.33166666666668,4985,0,2
EbookFoundation/free-programming-books,11132,1,2,0,3.8713888888888888,860,3,2
EbookFoundation/free-programming-books,11128,1,1,0,20.863333333333333,0,4,2
EbookFoundation/free-programming-books,11127,1,3,0,56.05166666666667,1215,4,2
sindresorhus/awesome,3149,1,1,1,9.784444444444444,9031,0,2
sindresorhus/awesome,3095,1,1,1,1079.1483333333333,9159,9,3
sindresorhus/awesome,3081,1,1,0,941.8266666666667,9595,7,4
sindresorhus/awesome,3053,1,1,0,295.9163888888889,8413,11,3
sindresorhus/awesome,3029,1,1,0,1856.993888888889,9254,8,4
sindresorhus/awesome,3027,1,1,1,35.66222222222222,59,2,2
sindresorhus/awesome,3003,1,1,0,1704.26,8592,11,3
sindresorhus/awesome,2999,2,6,3,497.06666666666666,9030,6,2
sindresorhus/awesome,2970,1,1,0,149.81277777777777,8877,1,2
sindresorhus/awesome,2958,1,1,0,2808.9630555555555,717,4,2
sindresorhus/awesome,2924,1,1,0,189.41166666666666,9169,4,3
sindresorhus/awesome,2895,1,1,0,4114.0969444444445,9202,18,4
sindresorhus/awesome,2888,1,1,0,1744.1755555555555,8989,4,3
sindresorhus/awesome,2878,1,1,0,1897.0172222222222,8982,2,2
sindresorhus/awesome,2846,1,1,1,1474.1291666666666,86,7,3
sindresorhus/awesome,2837,1,1,0,2639.835,9267,9,3
sindresorhus/awesome,2834,1,1,1,1.3488888888888888,1748,1,2
sindresorhus/awesome,2829,1,1,0,5127.973888888889,8606,7,3
sindresorhus/awesome,2813,1,1,0,2990.1630555555557,9245,4,2
sindresorhus/awesome,2810,1,1,0,3060.061111111111,8681,6,3
sindresorhus/awesome,2804,1,1,0,3141.35,8753,5,2
sindresorhus/awesome,2794,1,34,0,1.571388888888889,8681,2,2
sindresorhus/awesome,2780,0,0,0,751.6766666666666,8706,16,2
sindresorhus/awesome,2763,1,1,0,3407.641111111111,9226,11,2
sindresorhus/awesome,2753,1,1,0,4310.9525,4795,9,5
sindresorhus/awesome,2743,1,1,0,1086.405,9000,8,3
sindresorhus/awesome,2736,1,1,0,4702.898888888889,4559,8,3
sindresorhus/awesome,2734,1,1,0,1819.4725,8968,5,2
sindresorhus/awesome,2715,1,1,0,2832.2986111111113,9537,6,2
sindresorhus/awesome,2714,1,30,0,7.884166666666666,10701,0,2
public-apis/public-apis,3954,1,1,1,1398.6763888888888,902,1,2
public-apis/public-apis,3935,1,1,1,1182.0669444444445,1072,2,2
public-apis/public-apis,3805,2,347,248,1097.9458333333334,902,0,2
public-apis/public-apis,3679,1,1,1,3383.248888888889,902,1,2
public-apis/public-apis,3620,1,1,0,34.45361111111111,902,0,1
public-apis/public-apis,3618,1,1,0,38.913333333333334,904,0,2
public-apis/public-apis,3544,1,1,1,9479.8825,902,1,3
public-apis/public-apis,3510,1,3,0,7172.581388888889,902,2,2
public-apis/public-apis,3480,1,1,0,133.1,902,1,2
public-apis/public-apis,3410,1,1,1,1012.1894444444445,87,0,2
public-apis/public-apis,3342,1,1,1,199.75666666666666,902,0,2
public-apis/public-apis,3268,1,2,0,10007.43,902,6,2
public-apis/public-apis,3237,1,1,0,128.63666666666666,902,1,2
public-apis/public-apis,3235,1,1,0,183.11638888888888,902,1,3
public-apis/public-apis,3211,1,1,0,358.7922222222222,902,1,2
public-apis/public-apis,3197,1,3,2,654.4805555555556,902,2,2
public-apis/public-apis,3171,1,1,0,370.1502777777778,902,10,2
public-apis/public-apis,3157,1,1,0,39.59111111111111,902,1,1
public-apis/public-apis,3146,1,2,0,41.76027777777778,902,1,2
public-apis/public-apis,3102,1,1,0,3.9994444444444444,902,0,2
public-apis/public-apis,3100,1,1,0,21.656111111111112,902,0,2
public-apis/public-apis,3098,1,1,0,40.84777777777778,902,0,2
public-apis/public-apis,3094,1,1,0,30.023333333333333,902,0,2
public-apis/public-apis,3093,1,1,1,12.5125,961,0,2
public-apis/public-apis,3092,1,1,0,72.34194444444445,909,1,2
public-apis/public-apis,3091,1,1,0,109.315,902,0,2
public-apis/public-apis,3090,1,1,0,111.90333333333334,902,2,2
public-apis/public-apis,3087,1,1,0,137.67444444444445,911,0,2
public-apis/public-apis,3085,1,1,0,95.11638888888889,902,0,2
public-apis/public-apis,3082,1,1,1,6.540555555555556,902,0,2
jwasham/coding-interview-university,1543,1,0,3,4.170277777777778,12,2,2
jwasham/coding-interview-university,1372,1,0,1,20.435277777777777,0,1,2
jwasham/coding-interview-university,1368,1,1247,1128,11.002777777777778,163,1,2
jwasham/coding-interview-university,1357,27,27,27,32.02972222222222,77,0,2
jwasham/coding-interview-university,1352,1,1,0,7.785,249,1,2
jwasham/coding-interview-university,1330,1,10,10,7.8308333333333335,0,1,2
jwasham/coding-interview-university,1292,1,2,1,35.43138888888889,67,1,2
jwasham/coding-interview-university,1288,1,1,0,15.274722222222222,135,2,2
jwasham/coding-interview-university,1267,0,0,0,531.3947222222222,53,3,2
jwasham/coding-interview-university,1228,1,7,4,4.425277777777778,0,2,2
jwasham/coding-interview-university,1220,25,47,25,113.10583333333334,0,3,2
jwasham/coding-interview-university,1213,1,1776,1550,19.583333333333332,297,3,2
jwasham/coding-interview-university,1199,1,5,5,13.155,0,1,2
jwasham/coding-interview-university,1198,1,20,22,14.116944444444444,0,1,2
jwasham/coding-interview-university,1194,1,3,1,295.58694444444444,0,0,2
jwasham/coding-interview-university,1167,2,1408,0,191.08833333333334,37,12,2
jwasham/coding-interview-university,1163,1,39,39,1272.9166666666667,77,2,2
jwasham/coding-interview-university,1157,1,1,1,27.589444444444446,191,2,2
jwasham/coding-interview-university,1154,2,1,1,102.42861111111111,54,7,2
jwasham/coding-interview-university,1129,1,26,26,132.13416666666666,72,1,2
jwasham/coding-interview-university,1106,1,316,352,54.13166666666667,154,3,2
jwasham/coding-interview-university,1100,1,2,2,47.007222222222225,0,3,2
jwasham/coding-interview-university,1054,1,4,4,12.734722222222222,0,1,2
jwasham/coding-interview-university,1036,1,1988,0,381.57138888888886,80,6,2
jwasham/coding-interview-university,1022,2,79,86,39.25833333333333,207,3,2
jwasham/coding-interview-university,1010,1,27,23,6070.700833333333,147,1,2
jwasham/coding-interview-university,963,1,2,0,18.01861111111111,0,1,2
jwasham/coding-interview-university,900,1,5,0,108.5,173,3,1
jwasham/coding-interview-university,894,1,1,1,5.601944444444444,9,2,1
jwasham/coding-interview-university,879,1,4,0,15.938333333333333,133,1,1
codecrafters-io/build-your-own-x,1124,1,0,1,57.35,163,1,2
codecrafters-io/build-your-own-x,1107,1,1,1,41.04333333333334,0,5,2
codecrafters-io/build-your-own-x,1084,1,1,0,1829.3041666666666,143,1,2
codecrafters-io/build-your-own-x,1060,1,1,1,168.81305555555556,13,2,4
codecrafters-io/build-your-own-x,1030,1,2,0,54.9325,93,0,2
codecrafters-io/build-your-own-x,961,1,1,0,17.911944444444444,0,0,2
codecrafters-io/build-your-own-x,944,1,1,0,125.55527777777777,14,0,2
codecrafters-io/build-your-own-x,934,1,1,1,637.1402777777778,144,0,2
codecrafters-io/build-your-own-x,893,1,1,0,15.380277777777778,114,0,2
codecrafters-io/build-your-own-x,870,1,1,1,4901.0,0,1,2
codecrafters-io/build-your-own-x,855,1,1,0,39.486666666666665,48,1,2
codecrafters-io/build-your-own-x,809,1,1,0,88.36277777777778,12,1,2
codecrafters-io/build-your-own-x,802,1,1,0,4347.466388888889,137,0,4
codecrafters-io/build-your-own-x,797,1,1,0,15553.372222222222,70,1,2
codecrafters-io/build-your-own-x,795,1,1,0,2048.3005555555555,82,0,2
codecrafters-io/build-your-own-x,775,1,1,1,98.28583333333333,243,1,2
codecrafters-io/build-your-own-x,748,1,1,0,9169.063333333334,83,1,4
codecrafters-io/build-your-own-x,696,1,1,1,68.11916666666667,336,1,2
codecrafters-io/build-your-own-x,678,1,1,0,5825.623611111111,68,1,2
codecrafters-io/build-your-own-x,674,1,0,1,592.4505555555555,0,0,2
codecrafters-io/build-your-own-x,634,1,1,0,1777.5122222222221,60,0,2
codecrafters-io/build-your-own-x,551,1,1,0,19325.106944444444,192,0,2
codecrafters-io/build-your-own-x,542,1,1,0,20204.136666666665,758,0,2
codecrafters-io/build-your-own-x,536,1,1,0,10194.914722222222,11,0,2
codecrafters-io/build-your-own-x,534,1,3,3,581.4930555555555,151,0,2
codecrafters-io/build-your-own-x,514,1,1,0,25866.72888888889,173,0,2
codecrafters-io/build-your-own-x,512,1,2,2,31100.29,0,0,2
codecrafters-io/build-your-own-x,425,1,1,0,30451.13111111111,0,1,2
codecrafters-io/build-your-own-x,404,1,1,0,26724.463055555556,0,0,2
codecrafters-io/build-your-own-x,380,1,1,0,9364.3175,0,1,2
kamranahmedse/developer-roadmap,7313,1,4,1,4.835,102,3,2
kamranahmedse/developer-roadmap,7311,1,0,10,10.073611111111111,304,2,2
kamranahmedse/developer-roadmap,7308,1,4,0,2.3466666666666667,113,0,2
kamranahmedse/developer-roadmap,7304,2,4,62,14.324166666666667,229,6,2
kamranahmedse/developer-roadmap,7301,2,2,0,23.44,202,1,2
kamranahmedse/developer-roadmap,7298,51,91,60,24.75777777777778,205,1,2
kamranahmedse/developer-roadmap,7295,1,8,1,29.031111111111112,29,1,2
kamranahmedse/developer-roadmap,7293,3,6,2,33.22277777777778,0,1,1
kamranahmedse/developer-roadmap,7292,6,987,270,3.495833333333333,372,0,2
kamranahmedse/developer-roadmap,7291,5,23,2,42.56583333333333,482,0,2
kamranahmedse/developer-roadmap,7279,1,11,1,14.766666666666667,68,1,2
kamranahmedse/developer-roadmap,7272,2,4,2,9.386666666666667,202,2,2
kamranahmedse/developer-roadmap,7271,1,21,4,10.516111111111112,372,0,2
kamranahmedse/developer-roadmap,7270,1,7,1,19.637777777777778,13,2,3
kamranahmedse/developer-roadmap,7265,2,10,2,32.934444444444445,0,1,2
kamranahmedse/developer-roadmap,7261,2,10,11,28.488611111111112,0,0,2
kamranahmedse/developer-roadmap,7257,59,93,87,80.63777777777777,296,0,2
kamranahmedse/developer-roadmap,7253,5,745,860,11.733333333333333,372,0,2
kamranahmedse/developer-roadmap,7250,1,2,1,68.83527777777778,613,2,3
kamranahmedse/developer-roadmap,7236,100,454,124,125.36138888888888,180,8,2
kamranahmedse/developer-roadmap,7234,2,34,6,12.061111111111112,372,0,2
kamranahmedse/developer-roadmap,7227,1,7,1,3.7936111111111113,46,0,2
kamranahmedse/developer-roadmap,7223,1,158,50,11.733611111111111,372,0,2
kamranahmedse/developer-roadmap,7222,1,0,1,4.21,167,0,2
kamranahmedse/developer-roadmap,7214,6,216,48,23.87472222222222,372,0,2
kamranahmedse/developer-roadmap,7211,1,1,53,189.3213888888889,126,1,2
kamranahmedse/developer-roadmap,7198,1,9,1,46.38,64,0,2
kamranahmedse/developer-roadmap,7195,1,6,4,48.28333333333333,53,0,2
kamranahmedse/developer-roadmap,7193,1,9,1,48.57416666666666,57,0,2
kamranahmedse/developer-roadmap,7188,6,2386,999,13.190833333333334,372,0,2
donnemartin/system-design-primer,872,1,2,2,128.12444444444444,201,0,2
donnemartin/system-design-primer,867,1,1838,0,713.8138888888889,1019,6,4
donnemartin/system-design-primer,855,4,8,8,1549.1863888888888,0,0,3
donnemartin/system-design-primer,842,2,10,0,2984.851388888889,571,0,2
donnemartin/system-design-primer,823,1,1,1,3264.369166666667,128,0,3
donnemartin/system-design-primer,750,1,5,5,179.93,636,1,2
donnemartin/system-design-primer,717,1,1,1,512.6225,571,1,3
donnemartin/system-design-primer,716,1,1,1,171.035,571,1,2
donnemartin/system-design-primer,705,1,2,0,15251.514166666666,571,0,2
donnemartin/system-design-primer,704,1,1,1,15370.613333333333,571,1,2
donnemartin/system-design-primer,701,1,1,0,8997.188055555556,166,0,2
donnemartin/system-design-primer,694,1,1,1,19.683611111111112,10,1,2
donnemartin/system-design-primer,661,3,3,3,141.21333333333334,0,3,2
donnemartin/system-design-primer,651,1,1,1,651.8033333333333,571,1,2
donnemartin/system-design-primer,634,54,0,0,10008.531111111111,214,5,4
donnemartin/system-design-primer,631,4,4,4,1237.4655555555555,129,1,2
donnemartin/system-design-primer,594,4,4,4,910.3177777777778,671,1,2
donnemartin/system-design-primer,577,1,1853,0,20096.549444444445,571,0,3
donnemartin/system-design-primer,557,1,18,0,20164.744444444445,436,2,2
donnemartin/system-design-primer,511,1,1,1,1815.2416666666666,143,1,3
donnemartin/system-design-primer,505,1,1,1,320.4869444444444,114,1,2
donnemartin/system-design-primer,500,4,4,4,544.7072222222222,753,0,2
donnemartin/system-design-primer,486,1,1,1,1167.0816666666667,28,1,2
donnemartin/system-design-primer,484,0,0,0,31986.01388888889,586,0,2
donnemartin/system-design-primer,481,1,2,2,486.21416666666664,325,1,2
donnemartin/system-design-primer,451,1,1,1,173.09527777777777,36,2,2
donnemartin/system-design-primer,447,1,0,0,409.7913888888889,507,3,2
donnemartin/system-design-primer,441,1,1,0,132.11416666666668,70,1,2
donnemartin/system-design-primer,439,1,1,1,11.857222222222223,28,1,2
donnemartin/system-design-primer,438,2,3,3,22.30666666666667,74,1,2
996icu/996.ICU,26105,1,1,1,15.365555555555556,1360,38,2
996icu/996.ICU,26095,1,10,0,4879.205833333333,224,0,2
996icu/996.ICU,26071,10,70,69,11145.679444444444,123,7,2
996icu/996.ICU,26068,1,1,0,124.20722222222223,495,4,2
996icu/996.ICU,26067,1,1,0,11816.224444444444,2,8,2
996icu/996.ICU,26049,1,1,0,3631.8191666666667,0,1,2
996icu/996.ICU,26048,2,1,0,3731.4819444444443,69,1,1
996icu/996.ICU,26047,1,1,0,4019.6594444444445,52,1,2
996icu/996.ICU,26032,1,5,0,3165.6633333333334,0,0,2
996icu/996.ICU,26024,1,0,1,7891.131111111111,0,18,2
996icu/996.ICU,26012,1,1,1,9257.353055555555,15,4,2
996icu/996.ICU,26010,1,1,0,9348.8275,120,3,2
996icu/996.ICU,26008,3,1,0,9547.995,16,2,2
996icu/996.ICU,25999,1,1,0,10954.152222222223,0,2,2
996icu/996.ICU,25990,2,95,0,3705.674722222222,23,416,4
996icu/996.ICU,25980,1,1,0,15304.858888888888,0,1,2
996icu/996.ICU,25926,1,1,1,130.33,126,64,2
996icu/996.ICU,25923,1,1,0,171.25833333333333,52,3,2
996icu/996.ICU,25914,1,1,1,553.1697222222223,24,0,2
996icu/996.ICU,25886,1,1,0,309.32472222222225,3,0,1
996icu/996.ICU,25885,1,6,2,21.692222222222224,0,1,1
996icu/996.ICU,25884,1,3,0,21.698055555555555,0,0,1
996icu/996.ICU,25856,1,1,0,240.13833333333332,66,1,2
996icu/996.ICU,25855,1,1,1,102.40055555555556,121,0,2
996icu/996.ICU,25842,2,10,8,42.07611111111111,2,0,2
996icu/996.ICU,25840,1,1,2,113.66555555555556,26,0,2
996icu/996.ICU,25838,1,9,1,119.58222222222223,143,4,2
996icu/996.ICU,25831,1,1,0,25.572777777777777,0,6,1
996icu/996.ICU,25809,9,133,133,87.10916666666667,26,0,2
996icu/996.ICU,25800,8,0,184,109.53222222222222,18,2,2
facebook/react,31106,7,102,11,14.645277777777778,518,2,2
facebook/react,31105,7,245,97,7.813611111111111,1056,2,2
facebook/react,31104,3,112,38,1.0416666666666667,1333,6,2
facebook/react,31102,1,4,4,19.715833333333332,718,1,2
facebook/react,31101,1,12,17,31.701944444444443,502,2,2
facebook/react,31088,7,13,13,91.87166666666667,543,2,2
facebook/react,31087,1,6,11,80.97805555555556,272,3,2
facebook/react,31082,2,32,15,91.15138888888889,285,1,2
facebook/react,31081,22,4142,2652,22.14,391,3,3
facebook/react,31078,10,56,32,1.8825,102,1,2
facebook/react,31077,2,3,25,24.99416666666667,156,1,2
facebook/react,31076,5,4,5,1.6455555555555557,128,2,2
facebook/react,31069,3,20,28,5.802777777777778,335,2,2
facebook/react,31067,1,4,0,9.023888888888889,1950,3,2
facebook/react,31065,2,3,3,1.2947222222222223,2744,2,2
facebook/react,31060,1,4,1,143.4297222222222,136,1,2
facebook/react,31059,1,0,688,143.8686111111111,117,1,2
facebook/react,31056,7,298,137,20.84638888888889,542,2,2
facebook/react,31048,8,57,60,43.06194444444444,1851,1,2
facebook/react,31037,37,2221,407,211.9075,2950,1,2
facebook/react,31036,3,95,108,162.98277777777778,879,1,2
facebook/react,31035,3,120,0,162.98277777777778,794,1,2
facebook/react,31034,2,53,62,162.98333333333332,252,1,2
facebook/react,31033,5,289,44,162.98388888888888,674,3,2
facebook/react,31031,28,210,124,162.985,292,1,3
facebook/react,31030,29,1504,0,162.985,662,1,3
facebook/react,31029,4,115,176,45.73083333333334,340,2,2
facebook/react,31028,1,22,14,1.78,214,2,2
facebook/react,31021,8,124,42,95.51444444444445,1974,1,2
facebook/react,31016,6,184,44,64.90333333333334,752,2,2
vinta/awesome-python,2607,1,1,0,187.16,0,1,2
vinta/awesome-python,2585,1,1,0,491.2875,289,3,3
vinta/awesome-python,2575,1,1,0,2415.1227777777776,773,2,4
vinta/awesome-python,2564,1,5,2,2219.3905555555557,440,1,3
vinta/awesome-python,2561,1,1,0,388.3880555555556,1184,0,2
vinta/awesome-python,2554,1,0,1,4613.856944444445,394,4,4
vinta/awesome-python,2549,1,1,0,3209.0205555555553,637,0,2
vinta/awesome-python,2546,1,1,1,1130.533888888889,36,0,5
vinta/awesome-python,2543,1,1,0,1425.6583333333333,245,0,4
vinta/awesome-python,2541,1,1,0,5165.325833333333,1082,0,3
vinta/awesome-python,2536,1,1,0,2687.7766666666666,688,2,4
vinta/awesome-python,2531,1,1,0,42.66222222222222,4087,0,2
vinta/awesome-python,2530,1,1,0,2620.7916666666665,461,8,2
vinta/awesome-python,2529,1,7,10,2555.1805555555557,1040,1,4
vinta/awesome-python,2525,1,1,0,4540.021111111111,563,1,2
vinta/awesome-python,2518,0,0,0,3874.0580555555557,502,0,2
vinta/awesome-python,2514,1,1,0,6241.429166666667,1087,7,5
vinta/awesome-python,2512,1,1,0,3859.826666666667,1611,0,3
vinta/awesome-python,2498,1,1,0,15.7725,208,0,4
vinta/awesome-python,2484,1,1,0,11138.045833333334,453,0,2
vinta/awesome-python,2479,1,1,0,5785.935833333333,560,2,2
vinta/awesome-python,2465,1,2,1,10922.527777777777,1170,0,4
vinta/awesome-python,2462,1,1,0,7334.4025,784,6,11
vinta/awesome-python,2432,1,7,0,11322.678055555556,239,1,2
vinta/awesome-python,2431,1,2,2,29.386944444444445,50,1,2
vinta/awesome-python,2353,1,1,0,6849.075,1194,2,2
vinta/awesome-python,2350,1,1,0,1077.3944444444444,1122,2,2
vinta/awesome-python,2345,1,39,0,5.683888888888889,245,1,1
vinta/awesome-python,2343,1,1,1,3477.826111111111,144,1,2
vinta/awesome-python,2297,1,0,1,42.304722222222225,261,2,2
vuejs/vue,13192,1,1,1,2.3469444444444445,1291,0,2
vuejs/vue,13187,1,1,1,20.38111111111111,1451,0,2
vuejs/vue,13107,1,4,3,1016.9447222222223,1871,1,1
vuejs/vue,13068,1,1,1,1609.046111111111,1289,0,2
vuejs/vue,13024,1,1,0,1.9902777777777778,1275,2,1
vuejs/vue,13021,1,1,1,10793.403888888888,1301,0,2
vuejs/vue,13010,1,1,3,19.994444444444444,123,0,2
vuejs/vue,12949,2,2,2,15.685,1295,0,2
vuejs/vue,12946,2,9,1,7448.3175,1290,3,2
vuejs/vue,12927,1,1,1,3.0452777777777778,1275,0,2
vuejs/vue,12912,1,1,1,2.253888888888889,1344,0,2
vuejs/vue,12911,6,8,8,7.905555555555556,1323,0,2
vuejs/vue,12905,2,43,2,7389.8025,1740,0,2
vuejs/vue,12879,2,10,10,8131.645,1275,5,2
vuejs/vue,12878,1,1,1,622.3527777777778,1275,0,3
vuejs/vue,12873,3,34,3,8352.228888888889,1275,1,2
vuejs/vue,12872,2,18,4,8352.62611111111,1346,0,2
vuejs/vue,12863,1,1,1,162.00083333333333,1275,0,2
vuejs/vue,12862,1,1,1,8513.103055555555,1346,0,2
vuejs/vue,12851,3,33,1,8680.811944444444,1275,0,2
vuejs/vue,12789,2,9,8,1242.2966666666666,1301,1,2
vuejs/vue,12784,1,1,1,613.2286111111111,1319,1,2
vuejs/vue,12754,1,4,4,51.43611111111111,1452,0,2
vuejs/vue,12669,2,50,1,18.609166666666667,1311,1,2
vuejs/vue,12573,2,24,27,113.82916666666667,1301,1,2
vuejs/vue,12564,1,1,1,325.73083333333335,682,1,3
vuejs/vue,12542,1,3,2,164.71166666666667,1301,1,2
vuejs/vue,12527,3,1077,888,11705.585555555555,1301,0,2
vuejs/vue,12526,5,711,641,11706.826388888889,1487,0,2
vuejs/vue,12525,4,1256,968,11707.842222222222,1301,0,2
practical-tutorials/project-based-learning,384,1,2,0,7508.775277777778,1824,0,2
practical-tutorials/project-based-learning,364,1,18,1,1356.8827777777778,853,2,2
practical-tutorials/project-based-learning,345,1,1,0,1720.36,2475,1,2
practical-tutorials/project-based-learning,331,1,14,0,5202.192777777777,1775,4,2
practical-tutorials/project-based-learning,321,1,17,0,8.677777777777777,125,0,2
practical-tutorials/project-based-learning,318,1,9,1,24.400555555555556,70,0,2
practical-tutorials/project-based-learning,312,1,1,1,88.72333333333333,1128,0,2
practical-tutorials/project-based-learning,311,1,4,0,3931.9822222222224,1344,1,2
practical-tutorials/project-based-learning,307,1,5,0,308.55916666666667,1440,0,2
practical-tutorials/project-based-learning,305,1,5,0,599.6472222222222,0,0,2
practical-tutorials/project-based-learning,302,1,1,0,511.4947222222222,60,0,2
practical-tutorials/project-based-learning,290,1,7,7,2603.279722222222,104,0,2
practical-tutorials/project-based-learning,270,1,1,0,6558.545277777778,1270,1,2
practical-tutorials/project-based-learning,258,1,0,1,7876.823333333334,61,1,2
practical-tutorials/project-based-learning,248,1,1,0,8647.316111111111,1384,1,2
practical-tutorials/project-based-learning,245,1,1,1,454.7475,1598,0,2
practical-tutorials/project-based-learning,240,1,21,0,10259.715555555556,1318,3,2
practical-tutorials/project-based-learning,239,1,1,0,913.2833333333333,1270,1,2
practical-tutorials/project-based-learning,237,1,8,0,11248.124166666666,1300,0,2
practical-tutorials/project-based-learning,235,1,1,1,996.0683333333334,1331,1,2
practical-tutorials/project-based-learning,234,1,1,0,2130.8033333333333,1276,0,2
practical-tutorials/project-based-learning,209,1,2,0,177.09527777777777,1270,1,2
practical-tutorials/project-based-learning,208,1,1,0,546.5755555555555,923,2,2
practical-tutorials/project-based-learning,206,1,5,0,1330.6725,1379,0,2
practical-tutorials/project-based-learning,205,1,6,0,1928.6027777777779,830,1,3
practical-tutorials/project-based-learning,203,1,2,0,9000.073888888888,1455,0,2
practical-tutorials/project-based-learning,201,1,1,0,6665.727777777778,108,0,2
practical-tutorials/project-based-learning,196,1,1,0,16066.257222222222,1379,4,3
practical-tutorials/project-based-learning,193,1,21,0,16094.121388888889,128,1,2
practical-tutorials/project-based-learning,187,1,9,0,18.139166666666668,956,0,2
awesome-selfhosted/awesome-selfhosted,4125,1,1,0,19.905833333333334,3213,1,2
awesome-selfhosted/awesome-selfhosted,4123,1,49,49,3.031111111111111,151,0,3
awesome-selfhosted/awesome-selfhosted,4121,1,0,1,52.3225,576,0,3
awesome-selfhosted/awesome-selfhosted,4119,1,0,1,52.51555555555556,654,0,2
awesome-selfhosted/awesome-selfhosted,4118,1,0,1,52.543055555555554,605,0,2
awesome-selfhosted/awesome-selfhosted,4117,1,1,1,4.575,0,0,2
awesome-selfhosted/awesome-selfhosted,4115,1,1,0,91.14888888888889,3213,3,3
awesome-selfhosted/awesome-selfhosted,4114,1,1,0,94.00805555555556,3213,3,2
awesome-selfhosted/awesome-selfhosted,4112,1,1,0,93.54333333333334,3213,8,3
awesome-selfhosted/awesome-selfhosted,4111,1,1,1,11.187777777777777,166,0,2
awesome-selfhosted/awesome-selfhosted,4110,1,0,1,100.38638888888889,165,0,2
awesome-selfhosted/awesome-selfhosted,4108,1,1,1,36.19111111111111,3213,1,2
awesome-selfhosted/awesome-selfhosted,4100,1,1,0,189.80027777777778,3212,1,2
awesome-selfhosted/awesome-selfhosted,4099,1,1,1,5.641944444444444,3080,0,3
awesome-selfhosted/awesome-selfhosted,4096,1,1,0,204.50472222222223,3213,1,3
awesome-selfhosted/awesome-selfhosted,4094,1,1,0,254.34416666666667,3213,5,3
awesome-selfhosted/awesome-selfhosted,4093,1,1,0,260.755,2909,3,3
awesome-selfhosted/awesome-selfhosted,4092,1,1,0,260.5625,3213,0,3
awesome-selfhosted/awesome-selfhosted,4091,1,0,1,209.90055555555554,3283,0,4
awesome-selfhosted/awesome-selfhosted,4089,1,1,0,263.5388888888889,3231,0,3
awesome-selfhosted/awesome-selfhosted,4083,6,8,70,349.1638888888889,239,0,2
awesome-selfhosted/awesome-selfhosted,4080,1,1,0,360.00444444444446,3213,8,2
awesome-selfhosted/awesome-selfhosted,4079,1,1,0,393.5461111111111,3213,3,4
awesome-selfhosted/awesome-selfhosted,4072,1,3,3,27.564722222222223,181,0,3
awesome-selfhosted/awesome-selfhosted,4069,1,1,0,529.4269444444444,3213,4,2
awesome-selfhosted/awesome-selfhosted,4068,1,1,0,187.61666666666667,3213,0,5
awesome-selfhosted/awesome-selfhosted,4067,1,8,8,2.36,86,0,2
awesome-selfhosted/awesome-selfhosted,4065,1,0,1,122.42416666666666,17080,0,2
awesome-selfhosted/awesome-selfhosted,4064,1,0,1,122.46416666666667,29170,0,2
awesome-selfhosted/awesome-selfhosted,4063,1,0,1,122.60527777777777,78,0,2
trekhleb/javascript-algorithms,1200,1,1,1,202.27722222222224,14,0,2
trekhleb/javascript-algorithms,1147,3,1050,0,50.84166666666667,0,0,2
trekhleb/javascript-algorithms,1141,1,2,0,759.4780555555556,651,0,2
trekhleb/javascript-algorithms,1140,2,1,353,860.0588888888889,0,0,1
trekhleb/javascript-algorithms,1139,4,4,4,1041.1522222222222,14,0,2
trekhleb/javascript-algorithms,1137,1,94,0,95.26638888888888,1970,0,2
trekhleb/javascript-algorithms,1128,2,14,13,2066.764166666667,214,0,2
trekhleb/javascript-algorithms,1100,1,4,0,1359.4508333333333,65,1,2
trekhleb/javascript-algorithms,1097,1,1,0,1397.5922222222223,20,0,2
trekhleb/javascript-algorithms,1066,1,0,1,4618.8,16,0,2
trekhleb/javascript-algorithms,1065,1,1,1,3577.933611111111,122,1,2
trekhleb/javascript-algorithms,1011,4,12,0,2524.0177777777776,175,0,2
trekhleb/javascript-algorithms,1009,0,0,0,532.8,102,5,2
trekhleb/javascript-algorithms,930,1,50,0,1058.8641666666667,0,1,2
trekhleb/javascript-algorithms,919,3,36,1,527.4433333333334,78,0,2
trekhleb/javascript-algorithms,901,1,2,2,15903.949166666667,94,0,2
trekhleb/javascript-algorithms,888,1,1,1,2517.662222222222,0,0,4
trekhleb/javascript-algorithms,787,1,54,54,2431.163611111111,40,0,2
trekhleb/javascript-algorithms,782,1,1,0,2554.7375,0,0,2
trekhleb/javascript-algorithms,752,2,22,1,3898.1719444444443,165,0,3
trekhleb/javascript-algorithms,743,1,2,0,168.7225,0,3,2
trekhleb/javascript-algorithms,740,2,39,1,4631.373611111111,35,0,2
trekhleb/javascript-algorithms,735,2,36,1,4721.833333333333,156,0,2
trekhleb/javascript-algorithms,726,1,2,2,5306.714166666667,0,0,2
trekhleb/javascript-algorithms,717,1,9,9,5590.6033333333335,0,0,2
trekhleb/javascript-algorithms,704,1,20,21,149.55138888888888,48,0,2
trekhleb/javascript-algorithms,646,1,1,0,38.79083333333333,0,1,1
trekhleb/javascript-algorithms,637,1,1,1,8559.917777777779,0,0,2
trekhleb/javascript-algorithms,577,0,0,0,353.68111111111114,81,1,2
trekhleb/javascript-algorithms,575,3,52,0,511.1377777777778,276,1,2
tensorflow/tensorflow,76988,6,97,20,16.909166666666668,0,1,2
tensorflow/tensorflow,76914,0,0,0,22.637777777777778,305,0,2
tensorflow/tensorflow,76871,1,1,1,54.60805555555555,1975,0,3
tensorflow/tensorflow,76868,1,1,1,55.660555555555554,1975,0,3
tensorflow/tensorflow,76714,7,17,8,46.665277777777774,22,2,2
tensorflow/tensorflow,76600,1,8,0,13.381944444444445,0,0,2
tensorflow/tensorflow,76575,1,4,0,1.3797222222222223,154,0,2
tensorflow/tensorflow,76531,1,58,1,7.785277777777778,779,2,2
tensorflow/tensorflow,76516,1,109,64,19.606944444444444,71,1,2
tensorflow/tensorflow,76508,2,2,2,14.003333333333334,1915,0,2
tensorflow/tensorflow,76506,3,3,3,14.162222222222223,915,0,2
tensorflow/tensorflow,76486,1,12,74,4.856944444444444,252,0,2
tensorflow/tensorflow,76401,2,2,0,2.377222222222222,0,0,2
tensorflow/tensorflow,76337,1,2,2,17.737222222222222,46,0,2
tensorflow/tensorflow,76298,1,15,0,7.009166666666666,183,0,2
tensorflow/tensorflow,76252,6,57,15,217.34,13,9,3
tensorflow/tensorflow,75822,1,1,1,20.17888888888889,0,0,2
tensorflow/tensorflow,75698,2,2,2,170.63916666666665,125,1,2
tensorflow/tensorflow,75567,3,4,4,120.63416666666667,80,0,2
tensorflow/tensorflow,75100,7,11,11,15.511111111111111,125,0,2
tensorflow/tensorflow,75075,6,28,237,632.8780555555555,100,4,2
tensorflow/tensorflow,75070,1,1,1,18.744444444444444,76,5,2
tensorflow/tensorflow,74954,1,2,2,175.39527777777778,68,1,2
tensorflow/tensorflow,74949,6,8,8,190.3525,30043,0,2
tensorflow/tensorflow,74948,1,1,1,191.79083333333332,1975,0,2
tensorflow/tensorflow,74947,1,1,1,191.37555555555556,1975,0,2
tensorflow/tensorflow,74946,1,1,1,192.12305555555557,1975,0,2
tensorflow/tensorflow,74904,1,134,204,94.48194444444445,403,4,2
tensorflow/tensorflow,74845,11,362,2,156.04194444444445,144,0,2
tensorflow/tensorflow,74709,1,4,4,29.51888888888889,59,0,2
TheAlgorithms/Python,11690,1,45,2,2.7375,1560,1,2
TheAlgorithms/Python,11687,1,71,0,4.368055555555555,1741,0,3
TheAlgorithms/Python,11685,1,46,14,5.700833333333334,1752,0,2
TheAlgorithms/Python,11669,1,2,2,10.397222222222222,1669,2,2
TheAlgorithms/Python,11654,3,138,0,2.0644444444444443,1494,3,2
TheAlgorithms/Python,11639,0,0,0,25.273611111111112,1581,2,2
TheAlgorithms/Python,11621,1,1,1,2.2936111111111113,1567,1,2
TheAlgorithms/Python,11619,1,62,5,13.926111111111112,2119,0,2
TheAlgorithms/Python,11616,3,42,0,1.4283333333333332,1573,1,2
TheAlgorithms/Python,11596,3,77,137,7.057222222222222,1494,2,2
TheAlgorithms/Python,11590,2,101,0,35.42861111111111,2477,1,3
TheAlgorithms/Python,11588,35,135,131,10.220833333333333,1695,1,3
TheAlgorithms/Python,11587,5,108,0,1.061388888888889,266,2,2
TheAlgorithms/Python,11572,3,149,0,131.3486111111111,1885,1,3
TheAlgorithms/Python,11568,1,1,1,2.573888888888889,188,0,2
TheAlgorithms/Python,11563,1,1,1,279.1066666666667,1549,1,3
TheAlgorithms/Python,11558,1,141,45,484.3022222222222,1425,2,2
TheAlgorithms/Python,11554,14,253,0,498.18361111111113,1000,1,3
TheAlgorithms/Python,11539,2,243,0,532.5697222222223,2730,2,3
TheAlgorithms/Python,11536,1,186,0,1.2683333333333333,2730,0,2
TheAlgorithms/Python,11532,10,301,0,145.16861111111112,1153,5,4
TheAlgorithms/Python,11531,1,40,17,12.905,1888,0,2
TheAlgorithms/Python,11530,1,28,17,825.7605555555556,1587,1,2
TheAlgorithms/Python,11527,13,22,36,2.799166666666667,1490,3,2
TheAlgorithms/Python,11524,1,1,0,122.42944444444444,1494,1,2
TheAlgorithms/Python,11522,1,2,2,168.16833333333332,322,1,2
TheAlgorithms/Python,11521,32,107,105,160.92166666666665,3017,2,2
TheAlgorithms/Python,11520,3,140,0,1003.2177777777778,1580,1,2
TheAlgorithms/Python,11518,1,19,0,258.29,1572,2,2
TheAlgorithms/Python,11515,1,1,1,1.355,188,0,2
torvalds/linux,956,1,1,1,2.6044444444444443,218,3,2
torvalds/linux,954,1,1,1,49.155833333333334,0,2,2
torvalds/linux,919,2,8,8,1032.2983333333334,311,1,2
torvalds/linux,897,1,1,1,148.30972222222223,0,11,3
torvalds/linux,895,3,15,18,246.33138888888888,39,2,3
torvalds/linux,890,1,10,14,1468.2225,861,2,2
torvalds/linux,874,1,16,7,345.76972222222224,498,3,2
torvalds/linux,864,1,4559,10,168.1161111111111,156,9,6
torvalds/linux,856,1,2,0,3.878888888888889,230,1,1
torvalds/linux,832,1,1,1,5.706111111111111,0,9,4
torvalds/linux,815,2,2,1,3308.2405555555556,0,2,2
torvalds/linux,807,1,1,1,6139.0663888888885,9434,7,4
torvalds/linux,764,1,1,1,17742.164444444443,63,3,7
torvalds/linux,755,1,1,1,4549.849166666667,699,3,2
torvalds/linux,745,1,1,1,483.66,0,2,2
torvalds/linux,717,1,1,1,260.3275,0,1,2
torvalds/linux,708,1,1,0,24410.117222222223,55,1,1
torvalds/linux,694,1,0,2345,623.4302777777777,193,5,3
torvalds/linux,669,1,2,2,97.8861111111111,79,4,2
torvalds/linux,667,16862,176145,559990,101.86472222222223,75,3,2
torvalds/linux,663,2,16,10,34155.58944444444,1314,4,3
torvalds/linux,651,1,1,2,1547.6780555555556,19,1,2
torvalds/linux,642,1,2,2,10034.500555555556,57,2,3
torvalds/linux,637,1,0,484,1090.6025,0,63,4
torvalds/linux,635,1,13,0,309.6277777777778,169,2,2
torvalds/linux,618,1,19,0,14925.136388888888,0,1,2
torvalds/linux,604,1,17,74,166.36083333333335,10,6,4
torvalds/linux,598,1,1,1,50776.77888888889,28,1,1
torvalds/linux,586,1,4,4,445.13444444444445,0,1,2
torvalds/linux,577,1,3,1,258.98083333333335,258,2,2
getify/You-Dont-Know-JS,1862,4,5,5,33.18555555555555,14,1,3
getify/You-Dont-Know-JS,1820,1,1,1,3894.0905555555555,814,0,3
getify/You-Dont-Know-JS,1808,11,17,17,968.2233333333334,285,1,2
getify/You-Dont-Know-JS,1746,1,1,1,17540.792222222222,0,0,2
getify/You-Dont-Know-JS,1743,1,7,7,1689.2836111111112,798,1,2
getify/You-Dont-Know-JS,1720,10,815,810,29.88388888888889,1006,2,2
getify/You-Dont-Know-JS,1585,1,1,1,373.5986111111111,0,0,2
getify/You-Dont-Know-JS,1539,1,1,1,642.9480555555556,400,0,2
getify/You-Dont-Know-JS,1479,1,3,3,126.13472222222222,279,1,2
getify/You-Dont-Know-JS,1432,2,6,4,4273.063888888889,173,2,2
getify/You-Dont-Know-JS,1431,1,1,1,4273.615277777778,242,1,2
getify/You-Dont-Know-JS,1392,1,1,1,6074.546666666667,80,1,2
getify/You-Dont-Know-JS,1286,1,1,1,11340.050555555556,461,1,2
getify/You-Dont-Know-JS,1239,85,0,0,4331.685833333333,173,1,2
getify/You-Dont-Know-JS,1223,1,1,1,498.34555555555556,320,1,2
getify/You-Dont-Know-JS,1208,1,2,2,14413.113888888889,88,1,2
getify/You-Dont-Know-JS,1205,1,1,1,7162.064722222222,89,1,2
getify/You-Dont-Know-JS,1189,4,10,10,15512.412222222221,2,1,2
getify/You-Dont-Know-JS,1179,1,1,1,14.372222222222222,0,1,2
getify/You-Dont-Know-JS,1176,1,1,1,18459.92777777778,324,8,2
getify/You-Dont-Know-JS,1170,1,1,1,16222.517777777777,110,1,2
getify/You-Dont-Know-JS,1165,1,1,1,95.57277777777777,173,0,2
getify/You-Dont-Know-JS,1142,1,4,4,59.894444444444446,2,0,2
getify/You-Dont-Know-JS,1114,1,1,1,22338.931111111113,810,4,2
getify/You-Dont-Know-JS,1098,1,2,2,62.02777777777778,338,0,2
getify/You-Dont-Know-JS,1097,1,8,8,1.318888888888889,26,2,2
getify/You-Dont-Know-JS,1075,1,1,1,632.2463888888889,137,1,2
getify/You-Dont-Know-JS,1073,1,1,1,387.94666666666666,2,2,2
getify/You-Dont-Know-JS,1034,1,1,1,35.259166666666665,9,1,2
getify/You-Dont-Know-JS,1030,1,1,1,965.4933333333333,203,0,2
CyC2018/CS-Notes,1000,1,11,17,95.37027777777777,0,1,2
CyC2018/CS-Notes,991,1,1,1,480.31138888888887,272,0,2
CyC2018/CS-Notes,934,1,25,25,418.4261111111111,264,2,2
CyC2018/CS-Notes,926,1,1,1,732.4044444444445,17,2,2
CyC2018/CS-Notes,925,1,1,1,752.32,46,0,2
CyC2018/CS-Notes,889,1,1,1,1835.5083333333334,20,0,2
CyC2018/CS-Notes,886,1,1,1,2018.0883333333334,10,0,2
CyC2018/CS-Notes,735,2,14,30,1787.8922222222222,46,1,2
CyC2018/CS-Notes,617,1,3,2,2222.1280555555554,0,0,2
CyC2018/CS-Notes,614,1,1,1,207.54944444444445,332,3,1
CyC2018/CS-Notes,602,1,26,6,1562.3338888888889,0,0,2
CyC2018/CS-Notes,352,1,2,8,33.471944444444446,112,1,2
